{
  "providers": {
    "awscloudformation": {
      "AuthRoleName": "amplify-cccapp-dev-144448-authRole",
      "UnauthRoleArn": "arn:aws:iam::026719223254:role/amplify-cccapp-dev-144448-unauthRole",
      "AuthRoleArn": "arn:aws:iam::026719223254:role/amplify-cccapp-dev-144448-authRole",
      "Region": "us-west-2",
      "DeploymentBucketName": "amplify-cccapp-dev-144448-deployment",
      "UnauthRoleName": "amplify-cccapp-dev-144448-unauthRole",
      "StackName": "amplify-cccapp-dev-144448",
      "StackId": "arn:aws:cloudformation:us-west-2:026719223254:stack/amplify-cccapp-dev-144448/fefa7250-4b91-11ec-8879-025f885d37f1",
      "AmplifyAppId": "d23aeg4zq3g8ij"
    }
  },
  "api": {
    "cccapp": {
      "service": "AppSync",
      "providerPlugin": "awscloudformation",
      "output": {
        "authConfig": {
          "defaultAuthentication": {
            "authenticationType": "API_KEY",
            "apiKeyConfig": {
              "apiKeyExpirationDays": 7,
              "description": ""
            }
          },
          "additionalAuthenticationProviders": []
        },
        "GraphQLAPIIdOutput": "euljhrd7jvddfexm26tzqxzsay",
        "GraphQLAPIEndpointOutput": "https://pxsohuoambealhr2actjainnge.appsync-api.us-west-2.amazonaws.com/graphql",
        "GraphQLAPIKeyOutput": "da2-grwiwkm3jrav5bcsvwjvp3zade"
      },
      "providerMetadata": {
        "s3TemplateURL": "https://s3.amazonaws.com/amplify-cccapp-dev-144448-deployment/amplify-cfn-templates/api/cloudformation-template.json",
        "logicalId": "apicccapp"
      },
      "lastPushTimeStamp": "2021-11-30T17:16:22.658Z",
      "lastPushDirHash": "hwe+peRtlV6kGzeLYPKFf8EBwEU="
    }
  },
  "auth": {
    "cccapp0545e898": {
      "service": "Cognito",
      "providerPlugin": "awscloudformation",
      "dependsOn": [],
      "customAuth": false,
      "frontendAuthConfig": {
        "loginMechanisms": [
          "PREFERRED_USERNAME"
        ],
        "signupAttributes": [
          "EMAIL"
        ],
        "passwordProtectionSettings": {
          "passwordPolicyMinLength": 8,
          "passwordPolicyCharacters": []
        },
        "mfaConfiguration": "OFF",
        "mfaTypes": [
          "SMS"
        ],
        "verificationMechanisms": [
          "EMAIL"
        ]
      },
      "providerMetadata": {
        "s3TemplateURL": "https://s3.amazonaws.com/amplify-cccapp-dev-144448-deployment/amplify-cfn-templates/auth/cccapp0545e898-cloudformation-template.yml",
        "logicalId": "authcccapp0545e898"
      },
      "lastPushTimeStamp": "2021-11-30T17:16:22.585Z",
      "output": {
        "UserPoolId": "us-west-2_F0LrLIsqE",
        "AppClientIDWeb": "j6u61quv6f77cpelflm8ukdbt",
        "AppClientID": "ad2hjtut5ssmsvr3rj0arv2h2",
        "IdentityPoolId": "us-west-2:212646df-46ee-4c5a-8dc9-0218c1a2741b",
        "UserPoolArn": "arn:aws:cognito-idp:us-west-2:026719223254:userpool/us-west-2_F0LrLIsqE",
        "IdentityPoolName": "cccapp0545e898_identitypool_0545e898__dev",
        "UserPoolName": "cccapp0545e898_userpool_0545e898"
      },
      "lastPushDirHash": "CeYLEaGpWJ4MBB+pbc7g04X5r58="
    }
  },
  "storage": {
    "cccApp": {
      "service": "S3",
      "providerPlugin": "awscloudformation",
      "providerMetadata": {
        "s3TemplateURL": "https://s3.amazonaws.com/amplify-cccapp-dev-144448-deployment/amplify-cfn-templates/storage/s3-cloudformation-template.json",
        "logicalId": "storagecccApp"
      },
      "lastPushTimeStamp": "2021-11-30T17:16:22.602Z",
      "output": {
        "BucketName": "cccapp144448-dev",
        "Region": "us-west-2"
      },
      "lastPushDirHash": "555chwibECfCv2FIRS+i1PA3l9I=",
      "dependsOn": []
    }
  },
  "function": {},
  "analytics": {
    "cccapp": {
      "service": "Pinpoint",
      "providerPlugin": "awscloudformation",
      "providerMetadata": {
        "s3TemplateURL": "https://s3.amazonaws.com/amplify-cccapp-dev-144448-deployment/amplify-cfn-templates/analytics/pinpoint-cloudformation-template.json",
        "logicalId": "analyticscccapp"
      },
      "lastPushTimeStamp": "2021-11-30T17:16:22.616Z",
      "output": {
        "appName": "cccapp-dev",
        "Region": "us-west-2",
        "Id": "8fb953bb889844a6b572d3ff6c4f7d8c"
      },
      "lastPushDirHash": "ymY4oPfTya024HjFsF9LiPwRZ4I="
    }
  }
}