{
  "api": {
    "cccapp": {
      "service": "AppSync",
      "providerPlugin": "awscloudformation",
      "output": {
        "authConfig": {
          "defaultAuthentication": {
            "authenticationType": "API_KEY",
            "apiKeyConfig": {
              "apiKeyExpirationDays": 7,
              "description": ""
            }
          },
          "additionalAuthenticationProviders": []
        }
      }
    }
  },
  "auth": {
    "cccapp0545e898": {
      "service": "Cognito",
      "providerPlugin": "awscloudformation",
      "dependsOn": [],
      "customAuth": false,
      "frontendAuthConfig": {
        "loginMechanisms": [
          "PREFERRED_USERNAME"
        ],
        "signupAttributes": [
          "EMAIL"
        ],
        "passwordProtectionSettings": {
          "passwordPolicyMinLength": 8,
          "passwordPolicyCharacters": []
        },
        "mfaConfiguration": "OFF",
        "mfaTypes": [
          "SMS"
        ],
        "verificationMechanisms": [
          "EMAIL"
        ]
      }
    }
  },
  "storage": {
    "cccApp": {
      "service": "S3",
      "providerPlugin": "awscloudformation",
      "dependsOn": []
    }
  },
  "function": {},
  "analytics": {
    "cccapp": {
      "service": "Pinpoint",
      "providerPlugin": "awscloudformation"
    }
  }
}