{
    "UserAgent": "aws-amplify-cli/0.1.0",
    "Version": "0.1.0",
    "IdentityManager": {
        "Default": {}
    },
    "AppSync": {
        "Default": {
            "ApiUrl": "https://pxsohuoambealhr2actjainnge.appsync-api.us-west-2.amazonaws.com/graphql",
            "Region": "us-west-2",
            "AuthMode": "API_KEY",
            "ApiKey": "da2-grwiwkm3jrav5bcsvwjvp3zade",
            "ClientDatabasePrefix": "cccapp_API_KEY"
        }
    },
    "CredentialsProvider": {
        "CognitoIdentity": {
            "Default": {
                "PoolId": "us-west-2:212646df-46ee-4c5a-8dc9-0218c1a2741b",
                "Region": "us-west-2"
            }
        }
    },
    "CognitoUserPool": {
        "Default": {
            "PoolId": "us-west-2_F0LrLIsqE",
            "AppClientId": "ad2hjtut5ssmsvr3rj0arv2h2",
            "Region": "us-west-2"
        }
    },
    "Auth": {
        "Default": {
            "authenticationFlowType": "USER_SRP_AUTH",
            "loginMechanisms": [
                "PREFERRED_USERNAME"
            ],
            "signupAttributes": [
                "EMAIL"
            ],
            "passwordProtectionSettings": {
                "passwordPolicyMinLength": 8,
                "passwordPolicyCharacters": []
            },
            "mfaConfiguration": "OFF",
            "mfaTypes": [
                "SMS"
            ],
            "verificationMechanisms": [
                "EMAIL"
            ]
        }
    },
    "S3TransferUtility": {
        "Default": {
            "Bucket": "cccapp144448-dev",
            "Region": "us-west-2"
        }
    },
    "PinpointAnalytics": {
        "Default": {
            "AppId": "8fb953bb889844a6b572d3ff6c4f7d8c",
            "Region": "us-west-2"
        }
    },
    "PinpointTargeting": {
        "Default": {
            "Region": "us-west-2"
        }
    }
}