{
  "bucketName": "cccapp",
  "authPolicyName": "s3_amplify_bbc93aa5",
  "unauthPolicyName": "s3_amplify_bbc93aa5",
  "authRoleName": {
    "Ref": "AuthRoleName"
  },
  "unauthRoleName": {
    "Ref": "UnauthRoleName"
  },
  "selectedGuestPermissions": [
    "s3:GetObject",
    "s3:ListBucket"
  ],
  "selectedAuthenticatedPermissions": [
    "s3:PutObject",
    "s3:GetObject",
    "s3:ListBucket",
    "s3:DeleteObject"
  ],
  "s3PermissionsAuthenticatedPublic": "s3:PutObject,s3:GetObject,s3:DeleteObject",
  "s3PublicPolicy": "Public_policy_c0f99d95",
  "s3PermissionsAuthenticatedUploads": "s3:PutObject",
  "s3UploadsPolicy": "Uploads_policy_c0f99d95",
  "s3PermissionsAuthenticatedProtected": "s3:PutObject,s3:GetObject,s3:DeleteObject",
  "s3ProtectedPolicy": "Protected_policy_c0f99d95",
  "s3PermissionsAuthenticatedPrivate": "s3:PutObject,s3:GetObject,s3:DeleteObject",
  "s3PrivatePolicy": "Private_policy_c0f99d95",
  "AuthenticatedAllowList": "ALLOW",
  "s3ReadPolicy": "read_policy_c0f99d95",
  "s3PermissionsGuestPublic": "DISALLOW",
  "s3PermissionsGuestUploads": "DISALLOW",
  "GuestAllowList": "DISALLOW",
  "triggerFunction": "NONE"
}